Image URL,0,,,,,,,,,,,,,,,,,,,,,,,,,,,,,,,,,,,,,,,,,
GS-0012,1,35,947,974,981,1005,1006,1007,1029,1030,1041,,,,,,,,,,,,,,,,,,,,,,,,,,,,,,,
GS-0001,2,68,,,,,,,,,,,,,,,,,,,,,,,,,,,,,,,,,,,,,,,,
GS-0011,3,4,7,36,,,,,,,,,,,,,,,,,,,,,,,,,,,,,,,,,,,,,,
GS-0008,5,6,11,,,,,,,,,,,,,,,,,,,,,,,,,,,,,,,,,,,,,,,
GS-0010,8,365,,,,,,,,,,,,,,,,,,,,,,,,,,,,,,,,,,,,,,,,
GS-0016,9,10,20,21,22,25,,,,,,,,,,,,,,,,,,,,,,,,,,,,,,,,,,,,
GS-0133,12,13,14,15,16,17,18,578,579,,,,,,,,,,,,,,,,,,,,,,,,,,,,,,,,,
GS-0014,19,45,46,,,,,,,,,,,,,,,,,,,,,,,,,,,,,,,,,,,,,,,
GS-0015,23,24,386,,,,,,,,,,,,,,,,,,,,,,,,,,,,,,,,,,,,,,,
GS-0017,26,27,28,43,,,,,,,,,,,,,,,,,,,,,,,,,,,,,,,,,,,,,,
GS-0018,29,30,31,,,,,,,,,,,,,,,,,,,,,,,,,,,,,,,,,,,,,,,
GS-0019,32,33,34,51,580,581,,,,,,,,,,,,,,,,,,,,,,,,,,,,,,,,,,,,
GS-0031,37,72,74,78,,,,,,,,,,,,,,,,,,,,,,,,,,,,,,,,,,,,,,
GS-0020,38,795,,,,,,,,,,,,,,,,,,,,,,,,,,,,,,,,,,,,,,,,
GS-0028,39,44,52,,,,,,,,,,,,,,,,,,,,,,,,,,,,,,,,,,,,,,,
GS-0021,41,42,81,,,,,,,,,,,,,,,,,,,,,,,,,,,,,,,,,,,,,,,
GS-0037,47,,,,,,,,,,,,,,,,,,,,,,,,,,,,,,,,,,,,,,,,,
GS-0036,48,367,371,372,,,,,,,,,,,,,,,,,,,,,,,,,,,,,,,,,,,,,,
GS-0111,49,8481,8482,8483,8484,8485,8486,8487,8488,8489,8490,,,,,,,,,,,,,,,,,,,,,,,,,,,,,,,
GS-0007,50,,,,,,,,,,,,,,,,,,,,,,,,,,,,,,,,,,,,,,,,,
GS-0006,53,54,55,79,88,89,90,91,92,93,,,,,,,,,,,,,,,,,,,,,,,,,,,,,,,,
GS-0025,56,82,83,84,85,,,,,,,,,,,,,,,,,,,,,,,,,,,,,,,,,,,,,
GS-0165,57,58,59,60,61,62,63,64,,,,,,,,,,,,,,,,,,,,,,,,,,,,,,,,,,
GS-0004,65,,,,,,,,,,,,,,,,,,,,,,,,,,,,,,,,,,,,,,,,,
GS-0132,66,,,,,,,,,,,,,,,,,,,,,,,,,,,,,,,,,,,,,,,,,
GS-0003,67,,,,,,,,,,,,,,,,,,,,,,,,,,,,,,,,,,,,,,,,,
GS-0142,69,,,,,,,,,,,,,,,,,,,,,,,,,,,,,,,,,,,,,,,,,
GS-0033,75,76,77,,,,,,,,,,,,,,,,,,,,,,,,,,,,,,,,,,,,,,,
GS-0022,80,,,,,,,,,,,,,,,,,,,,,,,,,,,,,,,,,,,,,,,,,
GS-0023,86,87,,,,,,,,,,,,,,,,,,,,,,,,,,,,,,,,,,,,,,,,
GS-0108,94,95,96,97,98,99,100,101,102,103,104,105,106,,,,,,,,,,,,,,,,,,,,,,,,,,,,,
GS-0046,130,,,,,,,,,,,,,,,,,,,,,,,,,,,,,,,,,,,,,,,,,
GS-0042,147,148,149,150,151,152,851,852,853,1568,,,,,,,,,,,,,,,,,,,,,,,,,,,,,,,,
GS-0139,153,154,3037,,,,,,,,,,,,,,,,,,,,,,,,,,,,,,,,,,,,,,,
GS-0038,368,369,370,,,,,,,,,,,,,,,,,,,,,,,,,,,,,,,,,,,,,,,
GS-0080,382,383,384,385,387,388,390,400,414,448,,,,,,,,,,,,,,,,,,,,,,,,,,,,,,,,
GS-0177,393,394,395,396,,,,,,,,,,,,,,,,,,,,,,,,,,,,,,,,,,,,,,
GS-0156,398,410,411,412,413,,,,,,,,,,,,,,,,,,,,,,,,,,,,,,,,,,,,,
GS-0079,451,562,,,,,,,,,,,,,,,,,,,,,,,,,,,,,,,,,,,,,,,,
GS-0072,459,672,,,,,,,,,,,,,,,,,,,,,,,,,,,,,,,,,,,,,,,,
GS-0081,482,492,501,506,507,508,509,510,,,,,,,,,,,,,,,,,,,,,,,,,,,,,,,,,,
GS-0093,483,484,511,,,,,,,,,,,,,,,,,,,,,,,,,,,,,,,,,,,,,,,
GS-0094,485,486,487,,,,,,,,,,,,,,,,,,,,,,,,,,,,,,,,,,,,,,,
GS-0095,488,489,490,,,,,,,,,,,,,,,,,,,,,,,,,,,,,,,,,,,,,,,
GS-0013,491,493,494,495,496,497,498,499,500,502,503,504,505,,,,,,,,,,,,,,,,,,,,,,,,,,,,,
GS-0082,512,513,514,515,516,517,523,524,525,526,527,528,529,530,,,,,,,,,,,,,,,,,,,,,,,,,,,,
GS-0092,518,519,520,521,522,531,,,,,,,,,,,,,,,,,,,,,,,,,,,,,,,,,,,,
GS-0083,532,533,534,535,536,542,550,551,552,553,554,555,556,,,,,,,,,,,,,,,,,,,,,,,,,,,,,
GS-0091,537,538,539,540,541,543,544,545,546,547,548,549,,,,,,,,,,,,,,,,,,,,,,,,,,,,,,
GS-0073,563,568,9821,,,,,,,,,,,,,,,,,,,,,,,,,,,,,,,,,,,,,,,
GS-0009,582,585,604,615,616,619,620,621,623,628,,,,,,,,,,,,,,,,,,,,,,,,,,,,,,,,
GS-0090,583,584,587,588,589,590,591,593,594,595,596,597,598,599,602,603,613,614,617,618,622,624,625,626,627,673,,,,,,,,,,,,,,,,
GS-0085,607,,,,,,,,,,,,,,,,,,,,,,,,,,,,,,,,,,,,,,,,,
GS-0164,629,630,631,632,642,,,,,,,,,,,,,,,,,,,,,,,,,,,,,,,,,,,,,
GS-0087,634,,,,,,,,,,,,,,,,,,,,,,,,,,,,,,,,,,,,,,,,,
GS-0088,635,636,,,,,,,,,,,,,,,,,,,,,,,,,,,,,,,,,,,,,,,,
GS-0141,644,,,,,,,,,,,,,,,,,,,,,,,,,,,,,,,,,,,,,,,,,
GS-0084,655,656,667,,,,,,,,,,,,,,,,,,,,,,,,,,,,,,,,,,,,,,,
GS-0030,699,700,,,,,,,,,,,,,,,,,,,,,,,,,,,,,,,,,,,,,,,,
GS-0078,704,705,706,,,,,,,,,,,,,,,,,,,,,,,,,,,,,,,,,,,,,,,
GS-0076,710,726,727,728,,,,,,,,,,,,,,,,,,,,,,,,,,,,,,,,,,,,,,
GS-0077,714,715,716,717,,,,,,,,,,,,,,,,,,,,,,,,,,,,,,,,,,,,,,
GS-0047,776,799,802,803,809,883,,,,,,,,,,,,,,,,,,,,,,,,,,,,,,,,,,,,
GS-0056,814,815,818,884,,,,,,,,,,,,,,,,,,,,,,,,,,,,,,,,,,,,,,
GS-0140,820,821,822,823,,,,,,,,,,,,,,,,,,,,,,,,,,,,,,,,,,,,,,
GS-0055,838,841,842,886,,,,,,,,,,,,,,,,,,,,,,,,,,,,,,,,,,,,,,
GS-0153,854,1620,1621,1622,1623,1624,1625,1626,1628,1629,1630,1631,1632,1633,1636,1637,1639,1645,1646,1647,1648,1649,1650,1651,1652,1653,1654,1655,1656,1659,1666,1676,1684,,,,,,,,,
GS-0155,855,856,857,858,859,860,861,862,888,902,,,,,,,,,,,,,,,,,,,,,,,,,,,,,,,,
GS-0119,865,1331,1332,1333,1334,1335,1336,1337,1338,1339,,,,,,,,,,,,,,,,,,,,,,,,,,,,,,,,
GS-0054,867,14166,14169,,,,,,,,,,,,,,,,,,,,,,,,,,,,,,,,,,,,,,,
SG-0014,871,1524,,,,,,,,,,,,,,,,,,,,,,,,,,,,,,,,,,,,,,,,
MO-0008,872,873,9215,9216,9235,9236,9237,9238,,,,,,,,,,,,,,,,,,,,,,,,,,,,,,,,,,
MO-0070,874,9815,,,,,,,,,,,,,,,,,,,,,,,,,,,,,,,,,,,,,,,,
GS-0045,889,14161,14162,14164,14178,14179,14180,14181,14197,14198,,,,,,,,,,,,,,,,,,,,,,,,,,,,,,,,
SG-0018,891,893,7375,7377,7389,7393,7394,7395,7396,7407,7436,,,,,,,,,,,,,,,,,,,,,,,,,,,,,,,
GS-0051,897,898,899,900,901,14208,14217,14219,14220,14224,,,,,,,,,,,,,,,,,,,,,,,,,,,,,,,,
GS-0027,903,904,905,,,,,,,,,,,,,,,,,,,,,,,,,,,,,,,,,,,,,,,
GS-0026,906,,,,,,,,,,,,,,,,,,,,,,,,,,,,,,,,,,,,,,,,,
GS-0048,913,914,915,,,,,,,,,,,,,,,,,,,,,,,,,,,,,,,,,,,,,,,
GS-0002,918,919,944,,,,,,,,,,,,,,,,,,,,,,,,,,,,,,,,,,,,,,,
GS-0005,920,921,924,925,943,,,,,,,,,,,,,,,,,,,,,,,,,,,,,,,,,,,,,
GS-0125,949,1044,1561,1562,1564,1565,1566,1587,1588,1589,,,,,,,,,,,,,,,,,,,,,,,,,,,,,,,,
GS-0070,950,1052,1101,,,,,,,,,,,,,,,,,,,,,,,,,,,,,,,,,,,,,,,
GS-0130,975,1028,,,,,,,,,,,,,,,,,,,,,,,,,,,,,,,,,,,,,,,,
GS-0071,1010,1074,2273,2274,2281,2282,,,,,,,,,,,,,,,,,,,,,,,,,,,,,,,,,,,,
GS-0152,1012,,,,,,,,,,,,,,,,,,,,,,,,,,,,,,,,,,,,,,,,,
GS-0089,1024,1025,,,,,,,,,,,,,,,,,,,,,,,,,,,,,,,,,,,,,,,,
GS-0143,1031,1032,1033,1264,8564,8565,,,,,,,,,,,,,,,,,,,,,,,,,,,,,,,,,,,,
GS-0129,1035,1036,1037,1038,1039,1040,1076,,,,,,,,,,,,,,,,,,,,,,,,,,,,,,,,,,,
GS-0138,1053,1054,1055,1056,,,,,,,,,,,,,,,,,,,,,,,,,,,,,,,,,,,,,,
SF-0034,1206,1207,1208,1209,,,,,,,,,,,,,,,,,,,,,,,,,,,,,,,,,,,,,,
GS-0127,1234,,,,,,,,,,,,,,,,,,,,,,,,,,,,,,,,,,,,,,,,,
GS-0179,1250,,,,,,,,,,,,,,,,,,,,,,,,,,,,,,,,,,,,,,,,,
GS-0144,1252,1261,1263,,,,,,,,,,,,,,,,,,,,,,,,,,,,,,,,,,,,,,,
GS-0075,1268,1271,1272,1273,,,,,,,,,,,,,,,,,,,,,,,,,,,,,,,,,,,,,,
GS-0061,1269,1270,,,,,,,,,,,,,,,,,,,,,,,,,,,,,,,,,,,,,,,,
GS-0029,1290,1310,1379,,,,,,,,,,,,,,,,,,,,,,,,,,,,,,,,,,,,,,,
GS-0034,1312,,,,,,,,,,,,,,,,,,,,,,,,,,,,,,,,,,,,,,,,,
GS-0120,1328,1329,1330,1340,1376,,,,,,,,,,,,,,,,,,,,,,,,,,,,,,,,,,,,,
GS-0122,1438,1455,8720,10768,,,,,,,,,,,,,,,,,,,,,,,,,,,,,,,,,,,,,,
SG-0024,1504,1512,1513,1527,,,,,,,,,,,,,,,,,,,,,,,,,,,,,,,,,,,,,,
SG-0005,1506,1515,1516,1518,1519,1525,1528,,,,,,,,,,,,,,,,,,,,,,,,,,,,,,,,,,,
GS-0113,1627,1634,1635,1638,1657,1658,1660,1661,,,,,,,,,,,,,,,,,,,,,,,,,,,,,,,,,,
GS-0175,1640,1641,1642,1643,1667,1668,1673,1674,1675,1681,1682,1683,1685,1686,1687,,,,,,,,,,,,,,,,,,,,,,,,,,,
GS-0173,1718,1719,,,,,,,,,,,,,,,,,,,,,,,,,,,,,,,,,,,,,,,,
GS-SW-01,1751,1752,1753,1756,,,,,,,,,,,,,,,,,,,,,,,,,,,,,,,,,,,,,,
SG-0026,1785,1786,1787,7101,7102,7103,7104,7120,7121,,,,,,,,,,,,,,,,,,,,,,,,,,,,,,,,,
SG-0025,1842,1843,1844,1845,1846,1847,1848,1849,1850,1851,1852,1853,1854,1855,1856,1857,1858,1859,1860,1861,,,,,,,,,,,,,,,,,,,,,,
SG-0010,1913,1914,1933,,,,,,,,,,,,,,,,,,,,,,,,,,,,,,,,,,,,,,,
GS-0053,1981,2017,2018,2019,2024,2033,2034,2039,,,,,,,,,,,,,,,,,,,,,,,,,,,,,,,,,,
MO-0110,2046,2047,2048,2055,2056,2057,2058,10774,10775,10777,11294,11295,11296,11297,11298,11299,11300,11301,11302,11303,11304,11305,11306,11307,11308,11309,11310,11311,11312,11313,11314,11315,11316,11317,11318,11319,11338,11346,,,,
MO-0111,2052,2065,2066,2067,10681,10682,10683,10699,10700,10701,10702,10730,10739,11320,11321,11322,11323,11324,11325,11326,11327,11328,11329,11330,11331,11332,11333,11334,11335,11336,11337,11339,11340,11341,11342,11343,11347,11348,11349,11350,11351,
GS-0118,2162,2163,2199,2414,2415,,,,,,,,,,,,,,,,,,,,,,,,,,,,,,,,,,,,,
GS-0049,2164,2165,2216,,,,,,,,,,,,,,,,,,,,,,,,,,,,,,,,,,,,,,,
GS-0107,2166,2438,,,,,,,,,,,,,,,,,,,,,,,,,,,,,,,,,,,,,,,,
GS-0106,2169,2254,,,,,,,,,,,,,,,,,,,,,,,,,,,,,,,,,,,,,,,,
GS-0105,2170,2416,,,,,,,,,,,,,,,,,,,,,,,,,,,,,,,,,,,,,,,,
GS-0096,2172,,,,,,,,,,,,,,,,,,,,,,,,,,,,,,,,,,,,,,,,,
GS-0097,2173,2390,,,,,,,,,,,,,,,,,,,,,,,,,,,,,,,,,,,,,,,,
GS-0041,2174,2177,2178,2204,2205,2234,2235,2236,2237,2345,,,,,,,,,,,,,,,,,,,,,,,,,,,,,,,,
GS-0098,2175,2388,,,,,,,,,,,,,,,,,,,,,,,,,,,,,,,,,,,,,,,,
GS-0068,2176,2277,2278,2279,,,,,,,,,,,,,,,,,,,,,,,,,,,,,,,,,,,,,,
GS-0103,2179,2201,2202,2203,2280,2389,,,,,,,,,,,,,,,,,,,,,,,,,,,,,,,,,,,,
GS-0062,2182,2183,2184,2185,2186,2187,2188,2189,2190,2191,2192,2193,,,,,,,,,,,,,,,,,,,,,,,,,,,,,,
GS-0104,2197,2198,2553,2555,,,,,,,,,,,,,,,,,,,,,,,,,,,,,,,,,,,,,,
GS-0032,2221,2222,,,,,,,,,,,,,,,,,,,,,,,,,,,,,,,,,,,,,,,,
GS-0024,2226,2227,,,,,,,,,,,,,,,,,,,,,,,,,,,,,,,,,,,,,,,,
GS-0035,2229,2230,,,,,,,,,,,,,,,,,,,,,,,,,,,,,,,,,,,,,,,,
GS-0039,2238,2239,2240,2241,2242,,,,,,,,,,,,,,,,,,,,,,,,,,,,,,,,,,,,,
GS-0040,2243,2244,2245,,,,,,,,,,,,,,,,,,,,,,,,,,,,,,,,,,,,,,,
GS-0100,2294,2295,2317,2323,2325,,,,,,,,,,,,,,,,,,,,,,,,,,,,,,,,,,,,,
GS-0064,2304,2310,,,,,,,,,,,,,,,,,,,,,,,,,,,,,,,,,,,,,,,,
GS-0063,2305,2307,2308,2309,,,,,,,,,,,,,,,,,,,,,,,,,,,,,,,,,,,,,,
GS-0065,2306,2314,2315,,,,,,,,,,,,,,,,,,,,,,,,,,,,,,,,,,,,,,,
GS-0058,2348,2349,2371,2392,2393,,,,,,,,,,,,,,,,,,,,,,,,,,,,,,,,,,,,,
GS-0057,2360,2361,2362,2368,2369,2370,,,,,,,,,,,,,,,,,,,,,,,,,,,,,,,,,,,,
GS-0074,2366,,,,,,,,,,,,,,,,,,,,,,,,,,,,,,,,,,,,,,,,,
GS-0059,2372,2374,2375,2376,,,,,,,,,,,,,,,,,,,,,,,,,,,,,,,,,,,,,,
GS-0060,2373,,,,,,,,,,,,,,,,,,,,,,,,,,,,,,,,,,,,,,,,,
GS-0161,2443,2444,2445,2446,2447,2451,2452,2453,2454,2462,2463,,,,,,,,,,,,,,,,,,,,,,,,,,,,,,,
GS-0116,2465,2466,2467,2468,2486,2487,2489,2490,,,,,,,,,,,,,,,,,,,,,,,,,,,,,,,,,,
GS-0123,2473,2476,2483,2501,2502,2503,2507,2508,2511,2551,2558,2564,,,,,,,,,,,,,,,,,,,,,,,,,,,,,,
GS-0137,2478,2552,2554,,,,,,,,,,,,,,,,,,,,,,,,,,,,,,,,,,,,,,,
GS-0102,2481,,,,,,,,,,,,,,,,,,,,,,,,,,,,,,,,,,,,,,,,,
GS-0067,2485,2550,3518,,,,,,,,,,,,,,,,,,,,,,,,,,,,,,,,,,,,,,,
EL-0092,2512,12834,12835,12836,12840,12841,12842,12843,12848,12851,12852,12853,,,,,,,,,,,,,,,,,,,,,,,,,,,,,,
EL-0113,2513,2514,2515,,,,,,,,,,,,,,,,,,,,,,,,,,,,,,,,,,,,,,,
EL-0097,2516,2517,2518,2519,2533,2544,,,,,,,,,,,,,,,,,,,,,,,,,,,,,,,,,,,,
EL-0119,2520,13070,,,,,,,,,,,,,,,,,,,,,,,,,,,,,,,,,,,,,,,,
EL-0187,2521,,,,,,,,,,,,,,,,,,,,,,,,,,,,,,,,,,,,,,,,,
EL-0189,2522,,,,,,,,,,,,,,,,,,,,,,,,,,,,,,,,,,,,,,,,,
EL-0190,2523,,,,,,,,,,,,,,,,,,,,,,,,,,,,,,,,,,,,,,,,,
EL-0191,2524,2525,,,,,,,,,,,,,,,,,,,,,,,,,,,,,,,,,,,,,,,,
EL-0194,2526,,,,,,,,,,,,,,,,,,,,,,,,,,,,,,,,,,,,,,,,,
EL-0195,2527,,,,,,,,,,,,,,,,,,,,,,,,,,,,,,,,,,,,,,,,,
EL-0197,2528,2529,2530,2531,2532,,,,,,,,,,,,,,,,,,,,,,,,,,,,,,,,,,,,,
GS-0172,2599,2600,,,,,,,,,,,,,,,,,,,,,,,,,,,,,,,,,,,,,,,,
GS-0170,2602,2603,,,,,,,,,,,,,,,,,,,,,,,,,,,,,,,,,,,,,,,,
GS-0160,2661,2662,2663,2664,2665,2671,2672,2673,2674,,,,,,,,,,,,,,,,,,,,,,,,,,,,,,,,,
GS-0099,2682,2683,2684,2685,2686,2687,,,,,,,,,,,,,,,,,,,,,,,,,,,,,,,,,,,,
GS-0159,2713,2714,8566,8567,8568,8569,,,,,,,,,,,,,,,,,,,,,,,,,,,,,,,,,,,,
MO-0001,2718,2719,2720,9680,,,,,,,,,,,,,,,,,,,,,,,,,,,,,,,,,,,,,,
GS-0176,2755,,,,,,,,,,,,,,,,,,,,,,,,,,,,,,,,,,,,,,,,,
EL-0090,2787,2788,2789,2790,2795,2797,,,,,,,,,,,,,,,,,,,,,,,,,,,,,,,,,,,,
SF-0024,2800,6381,,,,,,,,,,,,,,,,,,,,,,,,,,,,,,,,,,,,,,,,
GS-0086,2803,2815,2823,,,,,,,,,,,,,,,,,,,,,,,,,,,,,,,,,,,,,,,
GS-0131,2863,2864,2865,,,,,,,,,,,,,,,,,,,,,,,,,,,,,,,,,,,,,,,
GS-0135,2885,8458,,,,,,,,,,,,,,,,,,,,,,,,,,,,,,,,,,,,,,,,
GS-0149,2964,2965,2966,2967,9999,10053,,,,,,,,,,,,,,,,,,,,,,,,,,,,,,,,,,,,
GS-0163,3281,3282,3283,3284,3285,3286,3287,3288,,,,,,,,,,,,,,,,,,,,,,,,,,,,,,,,,,
GS-0136,3455,,,,,,,,,,,,,,,,,,,,,,,,,,,,,,,,,,,,,,,,,
GS-0109,3458,3459,,,,,,,,,,,,,,,,,,,,,,,,,,,,,,,,,,,,,,,,
GS-0134,3460,3461,3462,3463,3464,3465,3466,3467,3468,,,,,,,,,,,,,,,,,,,,,,,,,,,,,,,,,
GS-0110,3469,3470,3471,3472,3473,3474,3475,3476,3477,3478,,,,,,,,,,,,,,,,,,,,,,,,,,,,,,,,
GS-0157,3499,3500,3501,3502,3503,,,,,,,,,,,,,,,,,,,,,,,,,,,,,,,,,,,,,
GS-0158,3504,3505,3506,3507,3508,3509,,,,,,,,,,,,,,,,,,,,,,,,,,,,,,,,,,,,
GS-RA-57,3557,,,,,,,,,,,,,,,,,,,,,,,,,,,,,,,,,,,,,,,,,
GS-RA-21,3575,3576,3577,3584,,,,,,,,,,,,,,,,,,,,,,,,,,,,,,,,,,,,,,
GS-RA-11,3578,3579,3580,4395,4396,,,,,,,,,,,,,,,,,,,,,,,,,,,,,,,,,,,,,
GS-RA-20,3581,3582,3583,,,,,,,,,,,,,,,,,,,,,,,,,,,,,,,,,,,,,,,
GS-RA-12,3594,3602,3603,3604,3608,3609,3610,3614,3620,3825,3840,3862,3905,3906,3907,4053,4059,4060,4061,4093,4148,,,,,,,,,,,,,,,,,,,,,
GS-RA-02,3595,3596,3597,3598,,,,,,,,,,,,,,,,,,,,,,,,,,,,,,,,,,,,,,
GS-RA-25,3599,,,,,,,,,,,,,,,,,,,,,,,,,,,,,,,,,,,,,,,,,
GS-RA-17,3618,3894,3895,3896,3902,,,,,,,,,,,,,,,,,,,,,,,,,,,,,,,,,,,,,
GS-RA-22,3654,3655,3656,3657,3658,3663,3664,3665,3666,3667,3668,3669,3670,3671,3672,3673,,,,,,,,,,,,,,,,,,,,,,,,,,
GS-RA-09,3688,3689,3727,3732,3733,3738,3740,,,,,,,,,,,,,,,,,,,,,,,,,,,,,,,,,,,
GS-RA-42,3690,3692,3728,3735,3736,3737,,,,,,,,,,,,,,,,,,,,,,,,,,,,,,,,,,,,
GS-RA-43,3691,3693,3729,3739,,,,,,,,,,,,,,,,,,,,,,,,,,,,,,,,,,,,,,
GS-0150,3695,3696,3702,,,,,,,,,,,,,,,,,,,,,,,,,,,,,,,,,,,,,,,
GS-0151,3697,3698,3699,3709,3710,3712,3741,,,,,,,,,,,,,,,,,,,,,,,,,,,,,,,,,,,
GS-RA-26,3764,4064,4121,4123,,,,,,,,,,,,,,,,,,,,,,,,,,,,,,,,,,,,,,
GS-RA-23,3821,3822,3843,3844,,,,,,,,,,,,,,,,,,,,,,,,,,,,,,,,,,,,,,
GS-RA-41,3829,3830,3831,,,,,,,,,,,,,,,,,,,,,,,,,,,,,,,,,,,,,,,
GS-RA-39,3841,4097,,,,,,,,,,,,,,,,,,,,,,,,,,,,,,,,,,,,,,,,
GS-RA-16,3857,4347,4355,,,,,,,,,,,,,,,,,,,,,,,,,,,,,,,,,,,,,,,
GS-RA-05,3863,3864,3865,3866,3993,4005,4054,4094,,,,,,,,,,,,,,,,,,,,,,,,,,,,,,,,,,
GS-RA-08,3871,3872,3873,4131,4132,,,,,,,,,,,,,,,,,,,,,,,,,,,,,,,,,,,,,
GS-RA-14,3880,3885,3886,,,,,,,,,,,,,,,,,,,,,,,,,,,,,,,,,,,,,,,
GS-RA-15,3887,3888,,,,,,,,,,,,,,,,,,,,,,,,,,,,,,,,,,,,,,,,
GS-RA-06,3910,3924,3925,,,,,,,,,,,,,,,,,,,,,,,,,,,,,,,,,,,,,,,
GS-RA-07,3911,3919,3923,3937,3962,3972,3973,3974,,,,,,,,,,,,,,,,,,,,,,,,,,,,,,,,,,
GS-RA-24,3920,3921,3922,,,,,,,,,,,,,,,,,,,,,,,,,,,,,,,,,,,,,,,
GS-RA-49,3949,,,,,,,,,,,,,,,,,,,,,,,,,,,,,,,,,,,,,,,,,
GS-RA-50,3950,,,,,,,,,,,,,,,,,,,,,,,,,,,,,,,,,,,,,,,,,
GS-RA-19,3979,4100,4101,4102,,,,,,,,,,,,,,,,,,,,,,,,,,,,,,,,,,,,,,
GS-RA-10,3997,3998,3999,4000,4001,,,,,,,,,,,,,,,,,,,,,,,,,,,,,,,,,,,,,
GS-RA-65,4004,,,,,,,,,,,,,,,,,,,,,,,,,,,,,,,,,,,,,,,,,
GS-RA-67,4009,,,,,,,,,,,,,,,,,,,,,,,,,,,,,,,,,,,,,,,,,
GS-RA-13,4066,4067,4068,4069,4070,4071,4072,4073,4074,4075,4076,,,,,,,,,,,,,,,,,,,,,,,,,,,,,,,
GS-RA-18,4098,4099,4150,,,,,,,,,,,,,,,,,,,,,,,,,,,,,,,,,,,,,,,
GS-RA-27,4122,,,,,,,,,,,,,,,,,,,,,,,,,,,,,,,,,,,,,,,,,
GS-RA-29,4124,4125,4126,4127,,,,,,,,,,,,,,,,,,,,,,,,,,,,,,,,,,,,,,
GS-RA-35,4134,4135,4136,4137,4138,4139,,,,,,,,,,,,,,,,,,,,,,,,,,,,,,,,,,,,
GS-RA-38,4140,4141,,,,,,,,,,,,,,,,,,,,,,,,,,,,,,,,,,,,,,,,
GS-RA-40,4142,4143,,,,,,,,,,,,,,,,,,,,,,,,,,,,,,,,,,,,,,,,
GS-RA-44,4144,4145,4146,,,,,,,,,,,,,,,,,,,,,,,,,,,,,,,,,,,,,,,
GS-RA-30,4163,4164,4165,4203,,,,,,,,,,,,,,,,,,,,,,,,,,,,,,,,,,,,,,
GS-RA-31,4166,,,,,,,,,,,,,,,,,,,,,,,,,,,,,,,,,,,,,,,,,
GS-RA-69,4167,4168,4169,,,,,,,,,,,,,,,,,,,,,,,,,,,,,,,,,,,,,,,
GS-RA-37,4170,4171,4204,,,,,,,,,,,,,,,,,,,,,,,,,,,,,,,,,,,,,,,
GS-RA-51,4172,,,,,,,,,,,,,,,,,,,,,,,,,,,,,,,,,,,,,,,,,
GS-RA-56,4173,,,,,,,,,,,,,,,,,,,,,,,,,,,,,,,,,,,,,,,,,
GS-RA-03,4188,4189,4190,4191,,,,,,,,,,,,,,,,,,,,,,,,,,,,,,,,,,,,,,
GS-RA-55,4207,4208,,,,,,,,,,,,,,,,,,,,,,,,,,,,,,,,,,,,,,,,
GS-RA-45,4220,4221,,,,,,,,,,,,,,,,,,,,,,,,,,,,,,,,,,,,,,,,
GS-RA-60,4222,,,,,,,,,,,,,,,,,,,,,,,,,,,,,,,,,,,,,,,,,
GS-RA-01,4231,4232,4233,4234,4235,,,,,,,,,,,,,,,,,,,,,,,,,,,,,,,,,,,,,
GS-RA-28,4239,4240,,,,,,,,,,,,,,,,,,,,,,,,,,,,,,,,,,,,,,,,
GS-RA-33,4241,4242,,,,,,,,,,,,,,,,,,,,,,,,,,,,,,,,,,,,,,,,
GS-RA-34,4243,4244,4245,,,,,,,,,,,,,,,,,,,,,,,,,,,,,,,,,,,,,,,
GS-RA-36,4246,4247,4248,,,,,,,,,,,,,,,,,,,,,,,,,,,,,,,,,,,,,,,
GS-RA-58,4249,,,,,,,,,,,,,,,,,,,,,,,,,,,,,,,,,,,,,,,,,
GS-RA-59,4250,,,,,,,,,,,,,,,,,,,,,,,,,,,,,,,,,,,,,,,,,
GS-RA-32,4258,4259,4260,4261,4262,4263,4264,4265,4266,4267,4290,,,,,,,,,,,,,,,,,,,,,,,,,,,,,,,
GS-RA-52,4309,4310,4311,4312,4313,,,,,,,,,,,,,,,,,,,,,,,,,,,,,,,,,,,,,
GS-RA-53,4345,4346,4360,,,,,,,,,,,,,,,,,,,,,,,,,,,,,,,,,,,,,,,
GS-RA-48,4397,4398,,,,,,,,,,,,,,,,,,,,,,,,,,,,,,,,,,,,,,,,
GS-RA-04,4405,4406,4407,4408,4409,,,,,,,,,,,,,,,,,,,,,,,,,,,,,,,,,,,,,
SF-0001,4543,,,,,,,,,,,,,,,,,,,,,,,,,,,,,,,,,,,,,,,,,
SF-0017,4710,,,,,,,,,,,,,,,,,,,,,,,,,,,,,,,,,,,,,,,,,
SF-0006,4744,4745,4746,4747,4748,4749,4753,4754,4755,4756,4757,4768,4769,4930,4931,,,,,,,,,,,,,,,,,,,,,,,,,,,
SF-0005,4836,6433,,,,,,,,,,,,,,,,,,,,,,,,,,,,,,,,,,,,,,,,
SF-0013,4858,4859,4860,4861,4862,4863,4864,4865,4866,4868,4869,4870,4871,4872,4957,,,,,,,,,,,,,,,,,,,,,,,,,,,
SF-0008,4955,,,,,,,,,,,,,,,,,,,,,,,,,,,,,,,,,,,,,,,,,
SF-0046,4963,4965,,,,,,,,,,,,,,,,,,,,,,,,,,,,,,,,,,,,,,,,
SF-0044,4964,,,,,,,,,,,,,,,,,,,,,,,,,,,,,,,,,,,,,,,,,
SF-0028,5023,,,,,,,,,,,,,,,,,,,,,,,,,,,,,,,,,,,,,,,,,
SF-0011,5031,5034,5035,5036,5039,5040,5041,5049,5052,,,,,,,,,,,,,,,,,,,,,,,,,,,,,,,,,
SF-0015,5038,,,,,,,,,,,,,,,,,,,,,,,,,,,,,,,,,,,,,,,,,
SF-0026,5047,,,,,,,,,,,,,,,,,,,,,,,,,,,,,,,,,,,,,,,,,
SF-0010,5059,,,,,,,,,,,,,,,,,,,,,,,,,,,,,,,,,,,,,,,,,
SF-0020,5066,5067,5069,5070,5071,5072,5076,5079,,,,,,,,,,,,,,,,,,,,,,,,,,,,,,,,,,
SF-0014,5162,5163,,,,,,,,,,,,,,,,,,,,,,,,,,,,,,,,,,,,,,,,
SF-0009,5182,5184,5186,,,,,,,,,,,,,,,,,,,,,,,,,,,,,,,,,,,,,,,
EL-0114,5189,5190,5191,,,,,,,,,,,,,,,,,,,,,,,,,,,,,,,,,,,,,,,
SF-0004,5192,,,,,,,,,,,,,,,,,,,,,,,,,,,,,,,,,,,,,,,,,
SF-0012,5215,,,,,,,,,,,,,,,,,,,,,,,,,,,,,,,,,,,,,,,,,
SF-0002,5440,5444,5447,5449,,,,,,,,,,,,,,,,,,,,,,,,,,,,,,,,,,,,,,
SF-0003,5458,5461,5466,5468,,,,,,,,,,,,,,,,,,,,,,,,,,,,,,,,,,,,,,
SF-0029,6109,,,,,,,,,,,,,,,,,,,,,,,,,,,,,,,,,,,,,,,,,
SF-0043,6272,6273,6274,6324,,,,,,,,,,,,,,,,,,,,,,,,,,,,,,,,,,,,,,
SF-0042,6314,6315,6316,6317,6318,6319,6320,6321,6322,6323,6375,6377,6378,6379,,,,,,,,,,,,,,,,,,,,,,,,,,,,
SF-0023,6423,6425,,,,,,,,,,,,,,,,,,,,,,,,,,,,,,,,,,,,,,,,
SF-0025,6460,,,,,,,,,,,,,,,,,,,,,,,,,,,,,,,,,,,,,,,,,
SF-0022,6478,6479,6480,6481,6482,6483,6484,6485,6486,6487,6549,6550,6553,6566,,,,,,,,,,,,,,,,,,,,,,,,,,,,
SF-0048,6555,6579,6580,,,,,,,,,,,,,,,,,,,,,,,,,,,,,,,,,,,,,,,
SF-0047,6576,6577,,,,,,,,,,,,,,,,,,,,,,,,,,,,,,,,,,,,,,,,
SF-0019,6594,,,,,,,,,,,,,,,,,,,,,,,,,,,,,,,,,,,,,,,,,
SF-0016,6609,6638,6641,,,,,,,,,,,,,,,,,,,,,,,,,,,,,,,,,,,,,,,
SF-0018,6611,6612,,,,,,,,,,,,,,,,,,,,,,,,,,,,,,,,,,,,,,,,
GT-0006,6855,6985,7024,,,,,,,,,,,,,,,,,,,,,,,,,,,,,,,,,,,,,,,
GT-0017,6870,6871,6900,6908,6910,6922,6923,6953,6954,6956,6966,6970,6971,6972,6979,6982,6984,6992,7002,7003,,,,,,,,,,,,,,,,,,,,,,
GT-0020,6872,6874,,,,,,,,,,,,,,,,,,,,,,,,,,,,,,,,,,,,,,,,
GT-0011,6873,,,,,,,,,,,,,,,,,,,,,,,,,,,,,,,,,,,,,,,,,
GT-0001,6876,,,,,,,,,,,,,,,,,,,,,,,,,,,,,,,,,,,,,,,,,
GT-0031,6880,6884,,,,,,,,,,,,,,,,,,,,,,,,,,,,,,,,,,,,,,,,
GT-0030,6882,,,,,,,,,,,,,,,,,,,,,,,,,,,,,,,,,,,,,,,,,
GT-0004,6888,,,,,,,,,,,,,,,,,,,,,,,,,,,,,,,,,,,,,,,,,
GT-0005,6889,,,,,,,,,,,,,,,,,,,,,,,,,,,,,,,,,,,,,,,,,
GT-0018,6890,6891,,,,,,,,,,,,,,,,,,,,,,,,,,,,,,,,,,,,,,,,
GT-0032,6892,,,,,,,,,,,,,,,,,,,,,,,,,,,,,,,,,,,,,,,,,
GT-0035,6916,,,,,,,,,,,,,,,,,,,,,,,,,,,,,,,,,,,,,,,,,
GT-0009,6939,,,,,,,,,,,,,,,,,,,,,,,,,,,,,,,,,,,,,,,,,
GT-0021,6955,6957,6959,6991,,,,,,,,,,,,,,,,,,,,,,,,,,,,,,,,,,,,,,
GT-0023,6961,6963,,,,,,,,,,,,,,,,,,,,,,,,,,,,,,,,,,,,,,,,
GT-0024,6964,6965,6969,6973,6976,6977,6978,,,,,,,,,,,,,,,,,,,,,,,,,,,,,,,,,,,
GT-0016,6986,6987,6993,,,,,,,,,,,,,,,,,,,,,,,,,,,,,,,,,,,,,,,
GT-0022,6988,7004,,,,,,,,,,,,,,,,,,,,,,,,,,,,,,,,,,,,,,,,
GT-0038,7033,7034,,,,,,,,,,,,,,,,,,,,,,,,,,,,,,,,,,,,,,,,
SG-0001,7054,7055,7056,7075,7076,7077,7106,7107,,,,,,,,,,,,,,,,,,,,,,,,,,,,,,,,,,
SG-0004,7105,7108,7109,,,,,,,,,,,,,,,,,,,,,,,,,,,,,,,,,,,,,,,
SG-0015,7126,,,,,,,,,,,,,,,,,,,,,,,,,,,,,,,,,,,,,,,,,
SG-0007,7131,7132,7143,7148,7160,7505,7506,7530,7531,7566,7568,,,,,,,,,,,,,,,,,,,,,,,,,,,,,,,
SG-0008,7133,7141,7142,7144,7145,7150,7196,7201,7202,7203,7221,7532,7567,7569,7627,7628,7629,7796,,,,,,,,,,,,,,,,,,,,,,,,
SG-0017,7222,,,,,,,,,,,,,,,,,,,,,,,,,,,,,,,,,,,,,,,,,
SG-0012,7249,,,,,,,,,,,,,,,,,,,,,,,,,,,,,,,,,,,,,,,,,
SG-0003,7289,7290,7291,,,,,,,,,,,,,,,,,,,,,,,,,,,,,,,,,,,,,,,
SG-0011,7319,7374,,,,,,,,,,,,,,,,,,,,,,,,,,,,,,,,,,,,,,,,
SG-0006,7322,7323,,,,,,,,,,,,,,,,,,,,,,,,,,,,,,,,,,,,,,,,
SG-0013,7333,7357,,,,,,,,,,,,,,,,,,,,,,,,,,,,,,,,,,,,,,,,
SG-0019,7392,7412,,,,,,,,,,,,,,,,,,,,,,,,,,,,,,,,,,,,,,,,
SG-0022,7448,7451,7504,,,,,,,,,,,,,,,,,,,,,,,,,,,,,,,,,,,,,,,
SG-0016,7516,7517,7518,7519,7528,7529,,,,,,,,,,,,,,,,,,,,,,,,,,,,,,,,,,,,
SG-0023,7540,7541,7542,,,,,,,,,,,,,,,,,,,,,,,,,,,,,,,,,,,,,,,
SG-0020,7643,7644,,,,,,,,,,,,,,,,,,,,,,,,,,,,,,,,,,,,,,,,
SG-0021,7747,7748,7749,,,,,,,,,,,,,,,,,,,,,,,,,,,,,,,,,,,,,,,
GS-0069,7814,8616,8617,,,,,,,,,,,,,,,,,,,,,,,,,,,,,,,,,,,,,,,
SG-0009,7878,7880,7895,7896,7903,7904,7934,8109,,,,,,,,,,,,,,,,,,,,,,,,,,,,,,,,,,
GS-0121,8200,8202,8203,8204,9611,,,,,,,,,,,,,,,,,,,,,,,,,,,,,,,,,,,,,
SE-0017,8212,8214,8217,,,,,,,,,,,,,,,,,,,,,,,,,,,,,,,,,,,,,,,
SE-0007,8246,8247,8264,,,,,,,,,,,,,,,,,,,,,,,,,,,,,,,,,,,,,,,
SE-0012,8262,8265,8266,8277,,,,,,,,,,,,,,,,,,,,,,,,,,,,,,,,,,,,,,
SE-0014,8267,,,,,,,,,,,,,,,,,,,,,,,,,,,,,,,,,,,,,,,,,
SE-0016,8280,8281,8282,8323,8367,,,,,,,,,,,,,,,,,,,,,,,,,,,,,,,,,,,,,
SE-0003,8315,8316,8317,8330,8334,8335,,,,,,,,,,,,,,,,,,,,,,,,,,,,,,,,,,,,
SE-0010,8384,8673,,,,,,,,,,,,,,,,,,,,,,,,,,,,,,,,,,,,,,,,
SE-0020,8401,,,,,,,,,,,,,,,,,,,,,,,,,,,,,,,,,,,,,,,,,
SE-0006,8402,8403,8911,,,,,,,,,,,,,,,,,,,,,,,,,,,,,,,,,,,,,,,
SE-0004,8404,8405,,,,,,,,,,,,,,,,,,,,,,,,,,,,,,,,,,,,,,,,
SE-0019,8406,8407,8408,8409,8411,8412,8413,8414,8415,8416,8425,8426,,,,,,,,,,,,,,,,,,,,,,,,,,,,,,
GS-0128,8491,8492,,,,,,,,,,,,,,,,,,,,,,,,,,,,,,,,,,,,,,,,
MO-0091,8498,,,,,,,,,,,,,,,,,,,,,,,,,,,,,,,,,,,,,,,,,
SE-0005,8503,8504,8505,8576,,,,,,,,,,,,,,,,,,,,,,,,,,,,,,,,,,,,,,
SE-0022,8506,,,,,,,,,,,,,,,,,,,,,,,,,,,,,,,,,,,,,,,,,
SE-0015,8511,,,,,,,,,,,,,,,,,,,,,,,,,,,,,,,,,,,,,,,,,
SE-0013,8536,8537,8538,8541,8542,8543,8558,8559,8560,8561,8562,8563,,,,,,,,,,,,,,,,,,,,,,,,,,,,,,
SE-0001,8573,8574,8575,8583,,,,,,,,,,,,,,,,,,,,,,,,,,,,,,,,,,,,,,
SE-0009,8585,8586,8589,8590,8594,8595,8597,,,,,,,,,,,,,,,,,,,,,,,,,,,,,,,,,,,
SE-0002,8600,8601,,,,,,,,,,,,,,,,,,,,,,,,,,,,,,,,,,,,,,,,
SE-0011,8658,8678,8687,,,,,,,,,,,,,,,,,,,,,,,,,,,,,,,,,,,,,,,
GS-0124,8738,8739,8773,8786,8788,8789,8794,8795,8796,10535,10536,10537,,,,,,,,,,,,,,,,,,,,,,,,,,,,,,
SE-0018,8812,8813,8814,,,,,,,,,,,,,,,,,,,,,,,,,,,,,,,,,,,,,,,
MO-0126,8931,8932,8933,8934,8935,8936,8937,8938,8939,9012,,,,,,,,,,,,,,,,,,,,,,,,,,,,,,,,
MO-0007,8996,8997,9195,9249,9252,9253,9345,9353,9376,9706,9713,10137,,,,,,,,,,,,,,,,,,,,,,,,,,,,,,
MO-0025,9015,9033,9541,10668,10818,10819,10820,10825,10866,10867,10928,10929,10930,,,,,,,,,,,,,,,,,,,,,,,,,,,,,
MO-0069,9016,9038,,,,,,,,,,,,,,,,,,,,,,,,,,,,,,,,,,,,,,,,
MO-0020,9041,9044,9296,9377,9379,9755,,,,,,,,,,,,,,,,,,,,,,,,,,,,,,,,,,,,
MO-0037,9048,9072,9073,9074,,,,,,,,,,,,,,,,,,,,,,,,,,,,,,,,,,,,,,
MO-0004,9051,9059,9171,9575,10791,,,,,,,,,,,,,,,,,,,,,,,,,,,,,,,,,,,,,
MO-0038,9054,9055,9056,9058,9082,9083,,,,,,,,,,,,,,,,,,,,,,,,,,,,,,,,,,,,
MO-0084,9075,9076,9077,9078,9079,9081,,,,,,,,,,,,,,,,,,,,,,,,,,,,,,,,,,,,
MO-0003,9085,9124,9144,9181,9192,9298,9301,9534,9696,9697,9698,9702,9722,9723,10077,10130,10132,10140,10449,10684,10685,10812,10813,10814,10815,10839,10862,10958,11502,,,,,,,,,,,,,
MO-0035,9086,9088,9089,9090,9091,9092,9097,9100,,,,,,,,,,,,,,,,,,,,,,,,,,,,,,,,,,
MO-0036,9093,9133,,,,,,,,,,,,,,,,,,,,,,,,,,,,,,,,,,,,,,,,
MO-0102,9094,,,,,,,,,,,,,,,,,,,,,,,,,,,,,,,,,,,,,,,,,
MO-0108,9096,9098,9145,9146,,,,,,,,,,,,,,,,,,,,,,,,,,,,,,,,,,,,,,
MO-0029,9101,9110,9111,9112,,,,,,,,,,,,,,,,,,,,,,,,,,,,,,,,,,,,,,
MO-0033,9102,9103,9104,9105,9106,9147,9148,9149,,,,,,,,,,,,,,,,,,,,,,,,,,,,,,,,,,
MO-0122,9114,9115,9116,9117,9329,9417,9418,9428,9524,9561,9562,9563,9585,9588,9714,9715,9716,9717,9738,9739,9740,9741,9742,9743,9744,9807,9845,10057,10112,10156,10157,10158,10287,10288,10437,10440,10441,10490,10670,10671,10672,10951
MO-0031,9118,9119,9122,9123,,,,,,,,,,,,,,,,,,,,,,,,,,,,,,,,,,,,,,
MO-0002,9179,,,,,,,,,,,,,,,,,,,,,,,,,,,,,,,,,,,,,,,,,
MO-0009,9217,9218,,,,,,,,,,,,,,,,,,,,,,,,,,,,,,,,,,,,,,,,
MO-0105,9230,9232,,,,,,,,,,,,,,,,,,,,,,,,,,,,,,,,,,,,,,,,
MO-0005,9248,9262,9268,9300,9701,9757,10126,10252,,,,,,,,,,,,,,,,,,,,,,,,,,,,,,,,,,
MO-0021,9250,,,,,,,,,,,,,,,,,,,,,,,,,,,,,,,,,,,,,,,,,
MO-0042,9306,9307,9311,9314,,,,,,,,,,,,,,,,,,,,,,,,,,,,,,,,,,,,,,
MO-0050,9308,9309,9312,9313,9315,9316,,,,,,,,,,,,,,,,,,,,,,,,,,,,,,,,,,,,
MO-0013,9318,9319,9320,9346,9408,9461,9737,9760,9761,,,,,,,,,,,,,,,,,,,,,,,,,,,,,,,,,
MO-0023,9324,,,,,,,,,,,,,,,,,,,,,,,,,,,,,,,,,,,,,,,,,
MO-0028,9331,,,,,,,,,,,,,,,,,,,,,,,,,,,,,,,,,,,,,,,,,
MO-0026,9344,,,,,,,,,,,,,,,,,,,,,,,,,,,,,,,,,,,,,,,,,
MO-0068,9361,9368,9369,9372,,,,,,,,,,,,,,,,,,,,,,,,,,,,,,,,,,,,,,
MO-0011,9385,9392,9393,9395,9398,9429,9556,9559,,,,,,,,,,,,,,,,,,,,,,,,,,,,,,,,,,
MO-0067,9412,9413,9414,,,,,,,,,,,,,,,,,,,,,,,,,,,,,,,,,,,,,,,
MO-0017,9430,,,,,,,,,,,,,,,,,,,,,,,,,,,,,,,,,,,,,,,,,
MO-0015,9445,,,,,,,,,,,,,,,,,,,,,,,,,,,,,,,,,,,,,,,,,
MO-0014,9446,,,,,,,,,,,,,,,,,,,,,,,,,,,,,,,,,,,,,,,,,
MO-0083,9536,,,,,,,,,,,,,,,,,,,,,,,,,,,,,,,,,,,,,,,,,
MO-0010,9546,9547,,,,,,,,,,,,,,,,,,,,,,,,,,,,,,,,,,,,,,,,
MO-0040,9557,9558,9569,9627,,,,,,,,,,,,,,,,,,,,,,,,,,,,,,,,,,,,,,
MO-0120,9658,9659,9660,9661,9662,9663,9664,9665,9685,9686,,,,,,,,,,,,,,,,,,,,,,,,,,,,,,,,
MO-0121,9666,9667,9668,9669,9670,9671,9672,9673,,,,,,,,,,,,,,,,,,,,,,,,,,,,,,,,,,
MO-0045,9691,9695,9745,9746,11494,,,,,,,,,,,,,,,,,,,,,,,,,,,,,,,,,,,,,
MO-0006,9709,9710,9724,,,,,,,,,,,,,,,,,,,,,,,,,,,,,,,,,,,,,,,
MO-0097,9719,9721,10141,10321,10322,10323,10324,10325,,,,,,,,,,,,,,,,,,,,,,,,,,,,,,,,,,
MO-0066,9725,9726,9727,9728,9729,9730,9806,,,,,,,,,,,,,,,,,,,,,,,,,,,,,,,,,,,
MO-0039,9748,9749,9750,9781,,,,,,,,,,,,,,,,,,,,,,,,,,,,,,,,,,,,,,
MO-0019,9758,9759,9811,9812,9814,9817,,,,,,,,,,,,,,,,,,,,,,,,,,,,,,,,,,,,
MO-0073,9767,,,,,,,,,,,,,,,,,,,,,,,,,,,,,,,,,,,,,,,,,
MO-0027,9783,9808,,,,,,,,,,,,,,,,,,,,,,,,,,,,,,,,,,,,,,,,
MO-0043,9784,9796,,,,,,,,,,,,,,,,,,,,,,,,,,,,,,,,,,,,,,,,
MO-0030,9791,,,,,,,,,,,,,,,,,,,,,,,,,,,,,,,,,,,,,,,,,
MO-0074,9827,9828,,,,,,,,,,,,,,,,,,,,,,,,,,,,,,,,,,,,,,,,
MO-0100,9863,9864,9889,,,,,,,,,,,,,,,,,,,,,,,,,,,,,,,,,,,,,,,
MO-0092,9865,9866,9868,9869,9870,9878,9887,9888,9891,9907,9908,,,,,,,,,,,,,,,,,,,,,,,,,,,,,,,
MO-0094,9877,9882,9883,9903,9926,,,,,,,,,,,,,,,,,,,,,,,,,,,,,,,,,,,,,
MO-0096,9879,9885,9914,,,,,,,,,,,,,,,,,,,,,,,,,,,,,,,,,,,,,,,
MO-0095,9880,9923,9925,9945,,,,,,,,,,,,,,,,,,,,,,,,,,,,,,,,,,,,,,
MO-0109,9900,9901,9902,,,,,,,,,,,,,,,,,,,,,,,,,,,,,,,,,,,,,,,
MO-0103,9953,9954,9958,,,,,,,,,,,,,,,,,,,,,,,,,,,,,,,,,,,,,,,
MO-0104,9955,,,,,,,,,,,,,,,,,,,,,,,,,,,,,,,,,,,,,,,,,
MO-0101,9956,9957,9960,,,,,,,,,,,,,,,,,,,,,,,,,,,,,,,,,,,,,,,
MO-0052,9966,,,,,,,,,,,,,,,,,,,,,,,,,,,,,,,,,,,,,,,,,
MO-0114,9975,9976,9977,9978,9979,,,,,,,,,,,,,,,,,,,,,,,,,,,,,,,,,,,,,
MO-0115,9980,9981,9982,9983,9984,9985,9997,,,,,,,,,,,,,,,,,,,,,,,,,,,,,,,,,,,
MO-0116,9986,9987,,,,,,,,,,,,,,,,,,,,,,,,,,,,,,,,,,,,,,,,
MO-0053,9988,11512,,,,,,,,,,,,,,,,,,,,,,,,,,,,,,,,,,,,,,,,
MO-0117,9989,9990,,,,,,,,,,,,,,,,,,,,,,,,,,,,,,,,,,,,,,,,
MO-0118,9991,9992,,,,,,,,,,,,,,,,,,,,,,,,,,,,,,,,,,,,,,,,
MO-0119,9993,9994,,,,,,,,,,,,,,,,,,,,,,,,,,,,,,,,,,,,,,,,
MO-0058,10061,10064,10074,10076,10113,,,,,,,,,,,,,,,,,,,,,,,,,,,,,,,,,,,,,
MO-0077,10066,10067,10068,10069,10070,10071,10072,10111,,,,,,,,,,,,,,,,,,,,,,,,,,,,,,,,,,
MO-0041,10175,10176,10238,,,,,,,,,,,,,,,,,,,,,,,,,,,,,,,,,,,,,,,
MO-0059,10177,10183,10185,10193,10239,10240,,,,,,,,,,,,,,,,,,,,,,,,,,,,,,,,,,,,
MO-0062,10190,10197,,,,,,,,,,,,,,,,,,,,,,,,,,,,,,,,,,,,,,,,
MO-0063,10243,10247,,,,,,,,,,,,,,,,,,,,,,,,,,,,,,,,,,,,,,,,
MO-0061,10262,10264,10265,10266,10267,10268,10269,10270,10271,10308,10315,,,,,,,,,,,,,,,,,,,,,,,,,,,,,,,
MO-0016,10272,10273,10274,10286,,,,,,,,,,,,,,,,,,,,,,,,,,,,,,,,,,,,,,
MO-0065,10277,10278,,,,,,,,,,,,,,,,,,,,,,,,,,,,,,,,,,,,,,,,
MO-0106,10355,,,,,,,,,,,,,,,,,,,,,,,,,,,,,,,,,,,,,,,,,
MO-0056,10446,,,,,,,,,,,,,,,,,,,,,,,,,,,,,,,,,,,,,,,,,
MO-0057,10499,10510,10511,10514,10532,,,,,,,,,,,,,,,,,,,,,,,,,,,,,,,,,,,,,
MO-0022,10549,10550,,,,,,,,,,,,,,,,,,,,,,,,,,,,,,,,,,,,,,,,
MO-0012,10551,10553,10555,10556,10557,10558,10562,10563,10564,10565,10566,10567,10568,10569,10570,10571,10572,10573,10574,10575,10576,10577,10578,10579,10580,10581,10582,10623,10624,10625,10626,10627,10628,10655,,,,,,,,
MO-0024,10559,10560,10561,,,,,,,,,,,,,,,,,,,,,,,,,,,,,,,,,,,,,,,
MO-0112,10584,10585,10586,10587,10588,10589,10590,10591,10592,10593,10594,10595,10596,10597,10598,10599,10600,10601,10602,10603,10604,10605,10606,10607,10608,10609,10629,10630,10657,10658,10659,10660,10661,10662,10663,10664,10665,10666,10667,,,
MO-0113,10610,10611,10612,10613,10614,,,,,,,,,,,,,,,,,,,,,,,,,,,,,,,,,,,,,
MO-0127,10615,10616,10617,10618,10619,10620,10631,10632,10633,10634,10635,10636,10637,10638,10639,10640,10641,10642,10643,10644,10645,10646,10647,10648,10649,10650,10651,10652,10653,10656,,,,,,,,,,,,
MO-0032,10673,,,,,,,,,,,,,,,,,,,,,,,,,,,,,,,,,,,,,,,,,
MO-CW-01,10740,,,,,,,,,,,,,,,,,,,,,,,,,,,,,,,,,,,,,,,,,
MO-0129,10741,10742,10743,10744,10746,10747,10748,10749,10750,10751,,,,,,,,,,,,,,,,,,,,,,,,,,,,,,,,
MO-0018,10757,,,,,,,,,,,,,,,,,,,,,,,,,,,,,,,,,,,,,,,,,
MO-0079,10785,,,,,,,,,,,,,,,,,,,,,,,,,,,,,,,,,,,,,,,,,
MO-0071,10834,,,,,,,,,,,,,,,,,,,,,,,,,,,,,,,,,,,,,,,,,
MO-0082,10845,10847,10851,10852,10857,10861,,,,,,,,,,,,,,,,,,,,,,,,,,,,,,,,,,,,
MO-0080,10879,10890,10891,10893,10894,10895,10896,10897,10924,,,,,,,,,,,,,,,,,,,,,,,,,,,,,,,,,
MO-0081,10911,10940,,,,,,,,,,,,,,,,,,,,,,,,,,,,,,,,,,,,,,,,
MO-0076,10979,,,,,,,,,,,,,,,,,,,,,,,,,,,,,,,,,,,,,,,,,
MO-0075,11005,,,,,,,,,,,,,,,,,,,,,,,,,,,,,,,,,,,,,,,,,
MO-0128,11066,11067,11068,11069,11070,11071,11072,11073,11074,11075,11076,11077,11078,11079,11080,11081,11082,,,,,,,,,,,,,,,,,,,,,,,,,
MO-0078,11092,,,,,,,,,,,,,,,,,,,,,,,,,,,,,,,,,,,,,,,,,
MO-0064,11105,11140,,,,,,,,,,,,,,,,,,,,,,,,,,,,,,,,,,,,,,,,
MO-0093,11126,11127,,,,,,,,,,,,,,,,,,,,,,,,,,,,,,,,,,,,,,,,
MO-0047,11222,11223,11224,11225,11226,11227,11230,11231,,,,,,,,,,,,,,,,,,,,,,,,,,,,,,,,,,
MO-0098,11237,,,,,,,,,,,,,,,,,,,,,,,,,,,,,,,,,,,,,,,,,
MO-0085,11354,11413,11417,11419,11420,11421,11422,11424,,,,,,,,,,,,,,,,,,,,,,,,,,,,,,,,,,
MO-0086,11366,11367,11398,11414,,,,,,,,,,,,,,,,,,,,,,,,,,,,,,,,,,,,,,
MO-0088,11372,11373,11374,11375,11376,11377,11378,11379,11380,11381,11383,11384,11385,11386,11387,11388,11389,11390,11391,11392,11393,11394,11395,11396,11397,,,,,,,,,,,,,,,,,
MO-0034,11402,11590,,,,,,,,,,,,,,,,,,,,,,,,,,,,,,,,,,,,,,,,
MO-0089,11406,11410,,,,,,,,,,,,,,,,,,,,,,,,,,,,,,,,,,,,,,,,
MO-0090,11415,,,,,,,,,,,,,,,,,,,,,,,,,,,,,,,,,,,,,,,,,
MO-0087,11436,,,,,,,,,,,,,,,,,,,,,,,,,,,,,,,,,,,,,,,,,
MO-0125,11456,11457,11458,11459,11460,11461,11462,11463,11464,11465,11489,11490,,,,,,,,,,,,,,,,,,,,,,,,,,,,,,
MO-0046,11493,11500,11501,11503,11504,11518,,,,,,,,,,,,,,,,,,,,,,,,,,,,,,,,,,,,
MO-0107,11507,11513,,,,,,,,,,,,,,,,,,,,,,,,,,,,,,,,,,,,,,,,
MO-0055,11510,,,,,,,,,,,,,,,,,,,,,,,,,,,,,,,,,,,,,,,,,
MO-0054,11511,,,,,,,,,,,,,,,,,,,,,,,,,,,,,,,,,,,,,,,,,
MO-0044,11522,11530,11531,11552,11586,,,,,,,,,,,,,,,,,,,,,,,,,,,,,,,,,,,,,
MO-0049,11557,11558,11559,11567,,,,,,,,,,,,,,,,,,,,,,,,,,,,,,,,,,,,,,
MO-0051,11582,11583,11584,11585,11588,,,,,,,,,,,,,,,,,,,,,,,,,,,,,,,,,,,,,
EL-0089,11733,13933,13934,13935,13936,,,,,,,,,,,,,,,,,,,,,,,,,,,,,,,,,,,,,
EL-0085,11743,12921,13770,13771,13776,13777,13778,13782,13786,13812,13861,13862,13863,13864,13977,13980,13990,13991,13992,13993,13994,13995,13996,13997,13998,13999,,,,,,,,,,,,,,,,
EL-0023,11761,13010,13011,13051,,,,,,,,,,,,,,,,,,,,,,,,,,,,,,,,,,,,,,
EL-0007,11762,11763,12994,13000,13123,13125,13499,13500,13501,13502,13541,,,,,,,,,,,,,,,,,,,,,,,,,,,,,,,
EL-0158,11775,11776,11777,,,,,,,,,,,,,,,,,,,,,,,,,,,,,,,,,,,,,,,
EL-0026,11815,11822,11823,13739,13740,13741,,,,,,,,,,,,,,,,,,,,,,,,,,,,,,,,,,,,
EL-0059,11816,11817,11825,11826,11829,11832,11833,13725,13742,13743,13744,13745,13746,13747,13748,13749,13750,13751,13752,13753,,,,,,,,,,,,,,,,,,,,,,
EL-0058,11818,12888,13303,13304,13305,13306,13307,13308,13311,13312,13313,13314,,,,,,,,,,,,,,,,,,,,,,,,,,,,,,
EL-0176,11824,13779,,,,,,,,,,,,,,,,,,,,,,,,,,,,,,,,,,,,,,,,
EL-0055,11830,12443,12444,12453,12454,12455,12456,12485,,,,,,,,,,,,,,,,,,,,,,,,,,,,,,,,,,
EL-0005,11831,12869,12870,12871,12872,12873,12874,12875,12876,12877,,,,,,,,,,,,,,,,,,,,,,,,,,,,,,,,
EL-0103,11834,11835,11836,11837,11838,11839,11840,11841,,,,,,,,,,,,,,,,,,,,,,,,,,,,,,,,,,
EL-0165,11874,13067,13068,13348,13349,,,,,,,,,,,,,,,,,,,,,,,,,,,,,,,,,,,,,
EL-0036,11887,11888,11889,,,,,,,,,,,,,,,,,,,,,,,,,,,,,,,,,,,,,,,
EL-0039,11890,11891,11892,12384,12385,,,,,,,,,,,,,,,,,,,,,,,,,,,,,,,,,,,,,
EL-0018,11893,11920,11921,11922,11923,11924,12100,,,,,,,,,,,,,,,,,,,,,,,,,,,,,,,,,,,
EL-0020,11898,11899,11926,11927,11928,11929,11930,11931,11932,11933,11934,11935,11936,11937,11938,11964,11965,11986,11987,11988,11989,,,,,,,,,,,,,,,,,,,,,
EL-0019,11908,11911,11942,11943,11944,11945,11946,11947,11948,11949,11950,11951,11952,11953,,,,,,,,,,,,,,,,,,,,,,,,,,,,
EL-0086,11916,11917,11918,11919,11961,11962,,,,,,,,,,,,,,,,,,,,,,,,,,,,,,,,,,,,
EL-0032,11954,11955,11956,11957,11958,11966,11967,11968,11969,11991,11992,,,,,,,,,,,,,,,,,,,,,,,,,,,,,,,
EL-0071,11960,12128,12129,,,,,,,,,,,,,,,,,,,,,,,,,,,,,,,,,,,,,,,
EL-0034,11963,11970,11973,13722,13723,13724,,,,,,,,,,,,,,,,,,,,,,,,,,,,,,,,,,,,
EL-0075,11971,11972,12409,12410,13963,13964,13965,,,,,,,,,,,,,,,,,,,,,,,,,,,,,,,,,,,
EL-0041,11993,13515,13516,13517,13518,13539,,,,,,,,,,,,,,,,,,,,,,,,,,,,,,,,,,,,
EL-0132,12000,13154,,,,,,,,,,,,,,,,,,,,,,,,,,,,,,,,,,,,,,,,
EL-0047,12034,12035,12036,12037,12038,12039,12040,12041,12042,12043,12058,12059,12060,12061,12062,12063,12064,12096,,,,,,,,,,,,,,,,,,,,,,,,
EL-0121,12065,12066,12067,12068,12069,12070,12071,12072,,,,,,,,,,,,,,,,,,,,,,,,,,,,,,,,,,
EL-0256,12073,12074,12075,12076,12097,,,,,,,,,,,,,,,,,,,,,,,,,,,,,,,,,,,,,
EL-0024,12086,12087,12095,,,,,,,,,,,,,,,,,,,,,,,,,,,,,,,,,,,,,,,
EL-0107,12102,12103,12104,12191,,,,,,,,,,,,,,,,,,,,,,,,,,,,,,,,,,,,,,
EL-0031,12109,12110,12113,,,,,,,,,,,,,,,,,,,,,,,,,,,,,,,,,,,,,,,
EL-0061,12111,12112,,,,,,,,,,,,,,,,,,,,,,,,,,,,,,,,,,,,,,,,
EL-0070,12127,12132,12133,12134,,,,,,,,,,,,,,,,,,,,,,,,,,,,,,,,,,,,,,
EL-0014,12157,13354,13355,13356,13357,13358,13362,13369,,,,,,,,,,,,,,,,,,,,,,,,,,,,,,,,,,
EL-0052,12232,12233,12242,12309,12321,,,,,,,,,,,,,,,,,,,,,,,,,,,,,,,,,,,,,
EL-0028,12234,12245,12249,12457,,,,,,,,,,,,,,,,,,,,,,,,,,,,,,,,,,,,,,
EL-0101,12243,12359,12360,13738,,,,,,,,,,,,,,,,,,,,,,,,,,,,,,,,,,,,,,
EL-0029,12246,12248,12326,12327,,,,,,,,,,,,,,,,,,,,,,,,,,,,,,,,,,,,,,
EL-0054,12260,12261,12262,12263,12311,12315,12316,,,,,,,,,,,,,,,,,,,,,,,,,,,,,,,,,,,
EL-0153,12300,12301,12302,12303,12362,12375,,,,,,,,,,,,,,,,,,,,,,,,,,,,,,,,,,,,
EL-0077,12304,12305,12306,13784,,,,,,,,,,,,,,,,,,,,,,,,,,,,,,,,,,,,,,
EL-0057,12325,13463,,,,,,,,,,,,,,,,,,,,,,,,,,,,,,,,,,,,,,,,
EL-0102,12366,12367,12368,12369,12370,12371,12372,12373,12376,12377,12511,13071,13072,13073,13074,13075,13076,13077,,,,,,,,,,,,,,,,,,,,,,,,
EL-0112,12386,12387,12388,12389,,,,,,,,,,,,,,,,,,,,,,,,,,,,,,,,,,,,,,
EL-0109,12394,12395,12396,12397,12398,12399,,,,,,,,,,,,,,,,,,,,,,,,,,,,,,,,,,,,
EL-0038,12400,12401,12402,12403,12404,12405,12408,,,,,,,,,,,,,,,,,,,,,,,,,,,,,,,,,,,
EL-0105,12421,12422,12423,,,,,,,,,,,,,,,,,,,,,,,,,,,,,,,,,,,,,,,
EL-0030,12426,12854,,,,,,,,,,,,,,,,,,,,,,,,,,,,,,,,,,,,,,,,
EL-0106,12431,12432,13350,13351,,,,,,,,,,,,,,,,,,,,,,,,,,,,,,,,,,,,,,
EL-0082,12435,12436,12437,12438,12439,12440,12441,12442,12479,12480,,,,,,,,,,,,,,,,,,,,,,,,,,,,,,,,
EL-0084,12449,12450,12451,12452,12487,12488,12507,12508,12509,12510,,,,,,,,,,,,,,,,,,,,,,,,,,,,,,,,
EL-0177,12458,12459,12460,12490,,,,,,,,,,,,,,,,,,,,,,,,,,,,,,,,,,,,,,
EL-0083,12481,12482,12484,13342,13504,,,,,,,,,,,,,,,,,,,,,,,,,,,,,,,,,,,,,
EL-0074,12494,12495,12496,12497,,,,,,,,,,,,,,,,,,,,,,,,,,,,,,,,,,,,,,
EL-0216,12499,,,,,,,,,,,,,,,,,,,,,,,,,,,,,,,,,,,,,,,,,
EL-0201,12500,12501,12502,,,,,,,,,,,,,,,,,,,,,,,,,,,,,,,,,,,,,,,
EL-0219,12503,12504,,,,,,,,,,,,,,,,,,,,,,,,,,,,,,,,,,,,,,,,
EL-0220,12505,,,,,,,,,,,,,,,,,,,,,,,,,,,,,,,,,,,,,,,,,
EL-0037,12515,13399,,,,,,,,,,,,,,,,,,,,,,,,,,,,,,,,,,,,,,,,
EL-0016,12519,12520,12521,,,,,,,,,,,,,,,,,,,,,,,,,,,,,,,,,,,,,,,
EL-0203,12550,12756,,,,,,,,,,,,,,,,,,,,,,,,,,,,,,,,,,,,,,,,
EL-0079,12559,12560,12561,12562,,,,,,,,,,,,,,,,,,,,,,,,,,,,,,,,,,,,,,
EL-0040,12568,12569,12570,12571,13322,,,,,,,,,,,,,,,,,,,,,,,,,,,,,,,,,,,,,
EL-0003,12576,12658,12659,12660,13316,13317,13318,13319,13320,13321,,,,,,,,,,,,,,,,,,,,,,,,,,,,,,,,
EL-0053,12583,12589,12590,12591,,,,,,,,,,,,,,,,,,,,,,,,,,,,,,,,,,,,,,
EL-0002,12592,12593,12594,12630,12631,12632,12633,,,,,,,,,,,,,,,,,,,,,,,,,,,,,,,,,,,
EL-0025,12595,12601,12602,12652,,,,,,,,,,,,,,,,,,,,,,,,,,,,,,,,,,,,,,
EL-0066,12673,13966,13976,14365,,,,,,,,,,,,,,,,,,,,,,,,,,,,,,,,,,,,,,
EL-0156,12689,12690,12833,,,,,,,,,,,,,,,,,,,,,,,,,,,,,,,,,,,,,,,
EL-0056,12699,12700,12737,,,,,,,,,,,,,,,,,,,,,,,,,,,,,,,,,,,,,,,
EL-0006,12706,12707,12708,,,,,,,,,,,,,,,,,,,,,,,,,,,,,,,,,,,,,,,
EL-0148,12714,12715,12716,12731,12738,,,,,,,,,,,,,,,,,,,,,,,,,,,,,,,,,,,,,
EL-0134,12730,,,,,,,,,,,,,,,,,,,,,,,,,,,,,,,,,,,,,,,,,
EL-0001,12735,12736,12804,12805,12807,12808,12809,12810,12811,12812,,,,,,,,,,,,,,,,,,,,,,,,,,,,,,,,
EL-0205,12757,,,,,,,,,,,,,,,,,,,,,,,,,,,,,,,,,,,,,,,,,
EL-0206,12758,,,,,,,,,,,,,,,,,,,,,,,,,,,,,,,,,,,,,,,,,
EL-0135,12759,12760,,,,,,,,,,,,,,,,,,,,,,,,,,,,,,,,,,,,,,,,
EL-0146,12775,12776,12777,,,,,,,,,,,,,,,,,,,,,,,,,,,,,,,,,,,,,,,
EL-0207,12778,12779,12780,12781,12782,,,,,,,,,,,,,,,,,,,,,,,,,,,,,,,,,,,,,
EL-0215,12783,12784,12785,12786,,,,,,,,,,,,,,,,,,,,,,,,,,,,,,,,,,,,,,
EL-0208,12787,12788,12789,12790,,,,,,,,,,,,,,,,,,,,,,,,,,,,,,,,,,,,,,
EL-0209,12791,12792,,,,,,,,,,,,,,,,,,,,,,,,,,,,,,,,,,,,,,,,
EL-0217,12793,12794,,,,,,,,,,,,,,,,,,,,,,,,,,,,,,,,,,,,,,,,
EL-0184,12813,12814,12815,12816,,,,,,,,,,,,,,,,,,,,,,,,,,,,,,,,,,,,,,
EL-0204,12828,12829,,,,,,,,,,,,,,,,,,,,,,,,,,,,,,,,,,,,,,,,
EL-0171,12830,12831,12898,12899,12900,,,,,,,,,,,,,,,,,,,,,,,,,,,,,,,,,,,,,
EL-0173,12832,12903,12904,,,,,,,,,,,,,,,,,,,,,,,,,,,,,,,,,,,,,,,
EL-0196,12837,,,,,,,,,,,,,,,,,,,,,,,,,,,,,,,,,,,,,,,,,
EL-0199,12838,12839,,,,,,,,,,,,,,,,,,,,,,,,,,,,,,,,,,,,,,,,
EL-0149,12844,12849,,,,,,,,,,,,,,,,,,,,,,,,,,,,,,,,,,,,,,,,
EL-0150,12845,,,,,,,,,,,,,,,,,,,,,,,,,,,,,,,,,,,,,,,,,
EL-0151,12846,12847,,,,,,,,,,,,,,,,,,,,,,,,,,,,,,,,,,,,,,,,
EL-0143,12855,12856,12857,12858,,,,,,,,,,,,,,,,,,,,,,,,,,,,,,,,,,,,,,
EL-0133,12861,14007,,,,,,,,,,,,,,,,,,,,,,,,,,,,,,,,,,,,,,,,
EL-0140,12862,12863,12864,,,,,,,,,,,,,,,,,,,,,,,,,,,,,,,,,,,,,,,
EL-0155,12865,13708,13717,,,,,,,,,,,,,,,,,,,,,,,,,,,,,,,,,,,,,,,
EL-0159,12866,12867,12868,,,,,,,,,,,,,,,,,,,,,,,,,,,,,,,,,,,,,,,
EL-0080,12880,12896,13016,13021,13022,13023,13024,13025,13059,13060,,,,,,,,,,,,,,,,,,,,,,,,,,,,,,,,
EL-0081,12889,13284,13285,13286,13287,13288,13300,13301,13302,,,,,,,,,,,,,,,,,,,,,,,,,,,,,,,,,
EL-0242,12890,13855,13856,13878,,,,,,,,,,,,,,,,,,,,,,,,,,,,,,,,,,,,,,
EL-0179,12891,12909,13106,13107,,,,,,,,,,,,,,,,,,,,,,,,,,,,,,,,,,,,,,
EL-0180,12892,13108,13109,13110,,,,,,,,,,,,,,,,,,,,,,,,,,,,,,,,,,,,,,
EL-0169,12897,13095,,,,,,,,,,,,,,,,,,,,,,,,,,,,,,,,,,,,,,,,
EL-0172,12901,12902,13104,13105,,,,,,,,,,,,,,,,,,,,,,,,,,,,,,,,,,,,,,
EL-0178,12905,12906,12907,12908,,,,,,,,,,,,,,,,,,,,,,,,,,,,,,,,,,,,,,
EL-0182,12910,12911,12913,12914,,,,,,,,,,,,,,,,,,,,,,,,,,,,,,,,,,,,,,
EL-0183,12912,12915,,,,,,,,,,,,,,,,,,,,,,,,,,,,,,,,,,,,,,,,
EL-0175,12916,,,,,,,,,,,,,,,,,,,,,,,,,,,,,,,,,,,,,,,,,
EL-0091,12917,12918,12919,12920,,,,,,,,,,,,,,,,,,,,,,,,,,,,,,,,,,,,,,
EL-0062,12939,12940,12941,13542,13543,13544,13545,,,,,,,,,,,,,,,,,,,,,,,,,,,,,,,,,,,
EL-0174,12948,,,,,,,,,,,,,,,,,,,,,,,,,,,,,,,,,,,,,,,,,
EL-0013,12949,13352,13612,13613,13614,,,,,,,,,,,,,,,,,,,,,,,,,,,,,,,,,,,,,
EL-0167,12966,12967,,,,,,,,,,,,,,,,,,,,,,,,,,,,,,,,,,,,,,,,
EL-0033,12973,12974,12975,12976,12977,12978,12981,,,,,,,,,,,,,,,,,,,,,,,,,,,,,,,,,,,
EL-0104,12982,12983,13124,13132,,,,,,,,,,,,,,,,,,,,,,,,,,,,,,,,,,,,,,
EL-0011,12985,12988,13007,13008,13009,,,,,,,,,,,,,,,,,,,,,,,,,,,,,,,,,,,,,
EL-0017,12986,12987,13001,13012,13020,13028,13469,,,,,,,,,,,,,,,,,,,,,,,,,,,,,,,,,,,
EL-0073,12995,12996,13468,,,,,,,,,,,,,,,,,,,,,,,,,,,,,,,,,,,,,,,
EL-0010,12997,12998,12999,,,,,,,,,,,,,,,,,,,,,,,,,,,,,,,,,,,,,,,
EL-0012,13002,13003,13004,13005,13006,13017,13018,13019,13126,,,,,,,,,,,,,,,,,,,,,,,,,,,,,,,,,
EL-0004,13026,13027,13062,13063,13344,13345,,,,,,,,,,,,,,,,,,,,,,,,,,,,,,,,,,,,
EL-0116,13029,13030,13031,13032,13033,13034,,,,,,,,,,,,,,,,,,,,,,,,,,,,,,,,,,,,
EL-0117,13035,13036,13037,,,,,,,,,,,,,,,,,,,,,,,,,,,,,,,,,,,,,,,
EL-0118,13038,13039,13040,13041,13042,,,,,,,,,,,,,,,,,,,,,,,,,,,,,,,,,,,,,
EL-0043,13078,13079,13083,13505,13506,,,,,,,,,,,,,,,,,,,,,,,,,,,,,,,,,,,,,
EL-0042,13080,13081,13082,,,,,,,,,,,,,,,,,,,,,,,,,,,,,,,,,,,,,,,
EL-0136,13084,13085,,,,,,,,,,,,,,,,,,,,,,,,,,,,,,,,,,,,,,,,
EL-0137,13086,13087,13131,,,,,,,,,,,,,,,,,,,,,,,,,,,,,,,,,,,,,,,
EL-0139,13088,13089,,,,,,,,,,,,,,,,,,,,,,,,,,,,,,,,,,,,,,,,
EL-0144,13090,13091,13092,13093,,,,,,,,,,,,,,,,,,,,,,,,,,,,,,,,,,,,,,
EL-0145,13094,,,,,,,,,,,,,,,,,,,,,,,,,,,,,,,,,,,,,,,,,
EL-0170,13096,13097,13098,13099,13100,13101,13102,13103,,,,,,,,,,,,,,,,,,,,,,,,,,,,,,,,,,
EL-0181,13111,13112,13113,13114,,,,,,,,,,,,,,,,,,,,,,,,,,,,,,,,,,,,,,
EL-0222,13115,13116,13117,,,,,,,,,,,,,,,,,,,,,,,,,,,,,,,,,,,,,,,
EL-0060,13119,13120,14000,14001,14002,14390,,,,,,,,,,,,,,,,,,,,,,,,,,,,,,,,,,,,
EL-0162,13122,,,,,,,,,,,,,,,,,,,,,,,,,,,,,,,,,,,,,,,,,
EL-0027,13136,13207,13208,13209,,,,,,,,,,,,,,,,,,,,,,,,,,,,,,,,,,,,,,
EL-0126,13140,13141,13142,13143,,,,,,,,,,,,,,,,,,,,,,,,,,,,,,,,,,,,,,
EL-0127,13144,13145,13146,13147,,,,,,,,,,,,,,,,,,,,,,,,,,,,,,,,,,,,,,
EL-0128,13148,13149,,,,,,,,,,,,,,,,,,,,,,,,,,,,,,,,,,,,,,,,
EL-0129,13150,13151,13186,,,,,,,,,,,,,,,,,,,,,,,,,,,,,,,,,,,,,,,
EL-0131,13152,13153,,,,,,,,,,,,,,,,,,,,,,,,,,,,,,,,,,,,,,,,
EL-0125,13157,13158,,,,,,,,,,,,,,,,,,,,,,,,,,,,,,,,,,,,,,,,
EL-0008,13162,13163,13164,13165,13166,13167,13598,13599,,,,,,,,,,,,,,,,,,,,,,,,,,,,,,,,,,
EL-0009,13168,13169,13170,,,,,,,,,,,,,,,,,,,,,,,,,,,,,,,,,,,,,,,
EL-0223,13182,13183,13185,,,,,,,,,,,,,,,,,,,,,,,,,,,,,,,,,,,,,,,
EL-0067,13184,13315,13330,13331,13339,13730,13731,13732,13785,,,,,,,,,,,,,,,,,,,,,,,,,,,,,,,,,
EL-0044,13187,13230,13231,13232,13233,13234,13235,13236,13237,13238,,,,,,,,,,,,,,,,,,,,,,,,,,,,,,,,
EL-0120,13244,,,,,,,,,,,,,,,,,,,,,,,,,,,,,,,,,,,,,,,,,
EL-0130,13245,13246,13247,,,,,,,,,,,,,,,,,,,,,,,,,,,,,,,,,,,,,,,
EL-0046,13251,13252,13253,13254,,,,,,,,,,,,,,,,,,,,,,,,,,,,,,,,,,,,,,
EL-0093,13265,13269,13270,13271,13272,13273,13274,13276,13280,13281,14366,,,,,,,,,,,,,,,,,,,,,,,,,,,,,,,
EL-0122,13290,13291,13292,13293,13294,13295,13296,13780,,,,,,,,,,,,,,,,,,,,,,,,,,,,,,,,,,
EL-0108,13309,13310,13808,,,,,,,,,,,,,,,,,,,,,,,,,,,,,,,,,,,,,,,
EL-0138,13353,,,,,,,,,,,,,,,,,,,,,,,,,,,,,,,,,,,,,,,,,
EL-0166,13370,13371,,,,,,,,,,,,,,,,,,,,,,,,,,,,,,,,,,,,,,,,
EL-0110,13381,13382,13383,,,,,,,,,,,,,,,,,,,,,,,,,,,,,,,,,,,,,,,
EL-0163,13384,13385,13386,,,,,,,,,,,,,,,,,,,,,,,,,,,,,,,,,,,,,,,
EL-0218,13432,13433,,,,,,,,,,,,,,,,,,,,,,,,,,,,,,,,,,,,,,,,
EL-0224,13434,,,,,,,,,,,,,,,,,,,,,,,,,,,,,,,,,,,,,,,,,
EL-0202,13470,13519,,,,,,,,,,,,,,,,,,,,,,,,,,,,,,,,,,,,,,,,
EL-0115,13471,13472,13473,13474,13511,13512,13513,13514,,,,,,,,,,,,,,,,,,,,,,,,,,,,,,,,,,
EL-0123,13492,13493,13494,13495,13496,,,,,,,,,,,,,,,,,,,,,,,,,,,,,,,,,,,,,
El-0123,13510,,,,,,,,,,,,,,,,,,,,,,,,,,,,,,,,,,,,,,,,,
EL-0200,13540,,,,,,,,,,,,,,,,,,,,,,,,,,,,,,,,,,,,,,,,,
EL-0210,13546,13547,13548,13549,13550,13551,13552,,,,,,,,,,,,,,,,,,,,,,,,,,,,,,,,,,,
EL-0214,13555,13556,13557,13558,13559,,,,,,,,,,,,,,,,,,,,,,,,,,,,,,,,,,,,,
EL-0213,13560,13561,13562,13563,,,,,,,,,,,,,,,,,,,,,,,,,,,,,,,,,,,,,,
EL-0068,13572,13757,13810,13811,13823,13824,13825,13826,13827,13839,13876,13974,13975,,,,,,,,,,,,,,,,,,,,,,,,,,,,,
EL-0141,13702,13703,13704,,,,,,,,,,,,,,,,,,,,,,,,,,,,,,,,,,,,,,,
EL-0142,13705,13706,13707,13716,,,,,,,,,,,,,,,,,,,,,,,,,,,,,,,,,,,,,,
EL-0157,13709,13710,13721,,,,,,,,,,,,,,,,,,,,,,,,,,,,,,,,,,,,,,,
EL-0160,13711,,,,,,,,,,,,,,,,,,,,,,,,,,,,,,,,,,,,,,,,,
EL-0161,13712,,,,,,,,,,,,,,,,,,,,,,,,,,,,,,,,,,,,,,,,,
EL-0164,13713,13714,,,,,,,,,,,,,,,,,,,,,,,,,,,,,,,,,,,,,,,,
EL-0168,13715,,,,,,,,,,,,,,,,,,,,,,,,,,,,,,,,,,,,,,,,,
EL-0015,13726,13727,13728,13729,,,,,,,,,,,,,,,,,,,,,,,,,,,,,,,,,,,,,,
EL-0021,13733,13734,13735,13736,13737,,,,,,,,,,,,,,,,,,,,,,,,,,,,,,,,,,,,,
EL-0065,13755,13756,13758,13759,13760,13761,13762,13763,13764,13765,13766,13781,13809,13835,13836,13837,,,,,,,,,,,,,,,,,,,,,,,,,,
EL-0154,13769,13978,13979,,,,,,,,,,,,,,,,,,,,,,,,,,,,,,,,,,,,,,,
EL-0076,13783,13857,13859,13860,,,,,,,,,,,,,,,,,,,,,,,,,,,,,,,,,,,,,,
EL-0186,13787,13788,13871,,,,,,,,,,,,,,,,,,,,,,,,,,,,,,,,,,,,,,,
EL-0048,13793,13841,13843,,,,,,,,,,,,,,,,,,,,,,,,,,,,,,,,,,,,,,,
EL-0088,13797,13798,13799,13800,13801,13802,,,,,,,,,,,,,,,,,,,,,,,,,,,,,,,,,,,,
EL-0064,13807,13984,13985,13986,,,,,,,,,,,,,,,,,,,,,,,,,,,,,,,,,,,,,,
EL-0211,13828,13829,13830,,,,,,,,,,,,,,,,,,,,,,,,,,,,,,,,,,,,,,,
EL-0212,13831,13832,13833,,,,,,,,,,,,,,,,,,,,,,,,,,,,,,,,,,,,,,,
EL-0049,13842,13844,,,,,,,,,,,,,,,,,,,,,,,,,,,,,,,,,,,,,,,,
EL-0022,13845,13846,13847,13891,13892,13893,,,,,,,,,,,,,,,,,,,,,,,,,,,,,,,,,,,,
EL-0045,13848,13894,13895,13896,,,,,,,,,,,,,,,,,,,,,,,,,,,,,,,,,,,,,,
EL-0078,13858,13877,,,,,,,,,,,,,,,,,,,,,,,,,,,,,,,,,,,,,,,,
El-0069,13865,13866,13867,13868,,,,,,,,,,,,,,,,,,,,,,,,,,,,,,,,,,,,,,
EL-0185,13869,13870,,,,,,,,,,,,,,,,,,,,,,,,,,,,,,,,,,,,,,,,
EL-0087,13872,13873,13874,13875,13961,13962,,,,,,,,,,,,,,,,,,,,,,,,,,,,,,,,,,,,
EL-0252,13879,13880,13881,,,,,,,,,,,,,,,,,,,,,,,,,,,,,,,,,,,,,,,
EL-0254,13882,13883,,,,,,,,,,,,,,,,,,,,,,,,,,,,,,,,,,,,,,,,
EL-0050,13885,13887,13889,13890,,,,,,,,,,,,,,,,,,,,,,,,,,,,,,,,,,,,,,
EL-0051,13886,13888,,,,,,,,,,,,,,,,,,,,,,,,,,,,,,,,,,,,,,,,
EL-0111,13903,13904,13905,13906,,,,,,,,,,,,,,,,,,,,,,,,,,,,,,,,,,,,,,
EL-0100,13908,13909,14309,14310,14311,14312,,,,,,,,,,,,,,,,,,,,,,,,,,,,,,,,,,,,
EL-0226,13911,13942,,,,,,,,,,,,,,,,,,,,,,,,,,,,,,,,,,,,,,,,
EL-0227,13912,13941,,,,,,,,,,,,,,,,,,,,,,,,,,,,,,,,,,,,,,,,
EL-0231,13913,13944,,,,,,,,,,,,,,,,,,,,,,,,,,,,,,,,,,,,,,,,
EL-0233,13914,13940,,,,,,,,,,,,,,,,,,,,,,,,,,,,,,,,,,,,,,,,
EL-0234,13915,13943,,,,,,,,,,,,,,,,,,,,,,,,,,,,,,,,,,,,,,,,
EL-0235,13916,,,,,,,,,,,,,,,,,,,,,,,,,,,,,,,,,,,,,,,,,
EL-0035,13920,13921,13922,13923,13924,13925,13926,13945,13946,13947,13948,13949,,,,,,,,,,,,,,,,,,,,,,,,,,,,,,
EL-0072,13927,13928,13929,13930,13931,,,,,,,,,,,,,,,,,,,,,,,,,,,,,,,,,,,,,
EL-0099,13937,13938,13939,,,,,,,,,,,,,,,,,,,,,,,,,,,,,,,,,,,,,,,
EL-0258,13950,13951,13952,13953,13954,,,,,,,,,,,,,,,,,,,,,,,,,,,,,,,,,,,,,
EL-0259,13955,13956,,,,,,,,,,,,,,,,,,,,,,,,,,,,,,,,,,,,,,,,
EL-0240,13957,13958,,,,,,,,,,,,,,,,,,,,,,,,,,,,,,,,,,,,,,,,
EL-0257,13959,13960,14409,14410,14411,,,,,,,,,,,,,,,,,,,,,,,,,,,,,,,,,,,,,
EL-0069,13983,,,,,,,,,,,,,,,,,,,,,,,,,,,,,,,,,,,,,,,,,
EL-0063,13988,13989,14008,,,,,,,,,,,,,,,,,,,,,,,,,,,,,,,,,,,,,,,
GS-0126,14009,,,,,,,,,,,,,,,,,,,,,,,,,,,,,,,,,,,,,,,,,
GS-0115,14010,14039,14057,,,,,,,,,,,,,,,,,,,,,,,,,,,,,,,,,,,,,,,
GS-0117,14016,14017,,,,,,,,,,,,,,,,,,,,,,,,,,,,,,,,,,,,,,,,
GS-0114,14047,14052,14053,14054,14059,14066,,,,,,,,,,,,,,,,,,,,,,,,,,,,,,,,,,,,
GS-0154,14061,14062,14063,14064,14065,,,,,,,,,,,,,,,,,,,,,,,,,,,,,,,,,,,,,
GS-0066,14120,14122,14123,,,,,,,,,,,,,,,,,,,,,,,,,,,,,,,,,,,,,,,
GS-0043,14163,14182,14183,14184,14185,14201,14202,14223,,,,,,,,,,,,,,,,,,,,,,,,,,,,,,,,,,
GS-0044,14165,14168,14170,14171,14172,14173,14174,14175,14176,14177,14188,14189,14190,14191,14192,14194,14195,,,,,,,,,,,,,,,,,,,,,,,,,
GS-0145,14205,14206,14207,,,,,,,,,,,,,,,,,,,,,,,,,,,,,,,,,,,,,,,
GS-0050,14210,14211,14215,14216,,,,,,,,,,,,,,,,,,,,,,,,,,,,,,,,,,,,,,
GS-0052,14212,14213,,,,,,,,,,,,,,,,,,,,,,,,,,,,,,,,,,,,,,,,
GS-0146,14279,,,,,,,,,,,,,,,,,,,,,,,,,,,,,,,,,,,,,,,,,
GS-0147,14283,,,,,,,,,,,,,,,,,,,,,,,,,,,,,,,,,,,,,,,,,
GS-0148,14285,,,,,,,,,,,,,,,,,,,,,,,,,,,,,,,,,,,,,,,,,
EL-0188,14299,,,,,,,,,,,,,,,,,,,,,,,,,,,,,,,,,,,,,,,,,
EL-0192,14300,14301,14316,,,,,,,,,,,,,,,,,,,,,,,,,,,,,,,,,,,,,,,
EL-0193,14302,14303,14304,,,,,,,,,,,,,,,,,,,,,,,,,,,,,,,,,,,,,,,
EL-0251,14305,14306,14307,14308,14367,,,,,,,,,,,,,,,,,,,,,,,,,,,,,,,,,,,,,
EL-0225,14317,14318,14319,14320,14321,14322,,,,,,,,,,,,,,,,,,,,,,,,,,,,,,,,,,,,
EL-0229,14323,14324,14325,,,,,,,,,,,,,,,,,,,,,,,,,,,,,,,,,,,,,,,
EL-0230,14326,14327,,,,,,,,,,,,,,,,,,,,,,,,,,,,,,,,,,,,,,,,
EL-0232,14328,14329,14364,,,,,,,,,,,,,,,,,,,,,,,,,,,,,,,,,,,,,,,
EL-0236,14330,14331,14332,14333,14334,14335,14336,14337,,,,,,,,,,,,,,,,,,,,,,,,,,,,,,,,,,
EL-0237,14338,,,,,,,,,,,,,,,,,,,,,,,,,,,,,,,,,,,,,,,,,
EL-0239,14339,,,,,,,,,,,,,,,,,,,,,,,,,,,,,,,,,,,,,,,,,
EL-0241,14340,14341,14342,,,,,,,,,,,,,,,,,,,,,,,,,,,,,,,,,,,,,,,
EL-0243,14343,14344,14345,,,,,,,,,,,,,,,,,,,,,,,,,,,,,,,,,,,,,,,
EL-0244,14346,,,,,,,,,,,,,,,,,,,,,,,,,,,,,,,,,,,,,,,,,
EL-0245,14347,14348,,,,,,,,,,,,,,,,,,,,,,,,,,,,,,,,,,,,,,,,
EL-0246,14349,,,,,,,,,,,,,,,,,,,,,,,,,,,,,,,,,,,,,,,,,
EL-0247,14350,14351,14352,14353,,,,,,,,,,,,,,,,,,,,,,,,,,,,,,,,,,,,,,
EL-0248,14354,,,,,,,,,,,,,,,,,,,,,,,,,,,,,,,,,,,,,,,,,
EL-0250,14355,14356,,,,,,,,,,,,,,,,,,,,,,,,,,,,,,,,,,,,,,,,
EL-0253,14357,14358,,,,,,,,,,,,,,,,,,,,,,,,,,,,,,,,,,,,,,,,
EL-0255,14359,14360,,,,,,,,,,,,,,,,,,,,,,,,,,,,,,,,,,,,,,,,
EL-0260,14361,14362,14363,,,,,,,,,,,,,,,,,,,,,,,,,,,,,,,,,,,,,,,
EL-0095,14369,14370,14371,14372,14373,14374,,,,,,,,,,,,,,,,,,,,,,,,,,,,,,,,,,,,
EL-0096,14375,14376,14377,14378,14379,,,,,,,,,,,,,,,,,,,,,,,,,,,,,,,,,,,,,
EL-0124,14380,,,,,,,,,,,,,,,,,,,,,,,,,,,,,,,,,,,,,,,,,
EL-0094,14381,14382,14383,14384,,,,,,,,,,,,,,,,,,,,,,,,,,,,,,,,,,,,,,
GS-0180,14406,,,,,,,,,,,,,,,,,,,,,,,,,,,,,,,,,,,,,,,,,
EL-0098,14407,14408,,,,,,,,,,,,,,,,,,,,,,,,,,,,,,,,,,,,,,,,
